School Name,School Type,Total Students,Total School Budget,Per Student Budget,Average Math Score,Average Reading Score,% Passing Math,% Passing Reading,% Overall Passing
,,1858.0,1081356.0,582.0,83.06189451022605,83.97578040904197,94.1334768568353,97.03982777179765,91.33476856835308
,,1635.0,1043130.0,638.0,83.4183486238532,83.84892966360856,93.27217125382263,97.30886850152906,90.94801223241588
,,1468.0,917500.0,625.0,83.35149863760218,83.816757493188,93.39237057220708,97.13896457765668,90.59945504087192
,,2283.0,1319574.0,578.0,83.2742006132282,83.98948751642575,93.8677179150241,96.53964082347788,90.58256679807272
,,962.0,585858.0,609.0,83.83991683991684,84.04469854469855,94.5945945945946,95.94594594594594,90.54054054054052
